<p>_[0.5*rho_ref*Ub^2],<u>_Ub,<uu>_Ub^2,<uv>_Ub^2,<uw>_Ub^2,<v>_Ub,<vv>_Ub^2,<vw>_Ub^2,<w>_Ub,<ww>_Ub^2,Cx,Cy,u_b (cell interpolated)
23.48937225341797,0.531896710395813,0.01520160771906376,-0.0006970975082367659,0.0001469207927584648,0.02303722873330116,0.006331396289169788,1.276100556424353e-05,-0.002398291835561395,0.03397655114531517,0.06791878491640091,1.104844808578491,1.063793420791626
23.48655891418457,0.5317906141281128,0.0156414583325386,-0.0006250095320865512,0.0001504033280070871,0.02244157344102859,0.005957103800028563,1.465239711251343e-05,-0.002342432970181108,0.03430575877428055,0.06792860478162766,1.098427057266235,1.063581228256226
23.49218559265137,0.5316743850708008,0.0148540697991848,-0.0007963206153362989,0.0001463079242967069,0.0235810112208128,0.00671506067737937,1.142682776844595e-05,-0.00246865744702518,0.03350525349378586,0.0679091289639473,1.111534595489502,1.063348770141602
23.48279762268066,0.5311799645423889,0.01635640114545822,-0.0005647336947731674,0.0001529746077721938,0.02158257365226746,0.005470671691000462,1.670401798037346e-05,-0.002271290635690093,0.03456927090883255,0.06793852150440216,1.092272281646729,1.062359929084778
23.49594497680664,0.5311504006385803,0.01445673033595085,-0.0009480929584242404,0.0001507243723608553,0.02426569536328316,0.007233873009681702,9.930303349392489e-06,-0.002577417064458132,0.03276429697871208,0.06789969652891159,1.118506073951721,1.062300801277161
23.49877166748047,0.5306138396263123,0.01419961638748646,-0.0010738680139184,0.0001580049574840814,0.0247533954679966,0.007627609185874462,8.627005627204198e-06,-0.002659463090822101,0.03213514760136604,0.06789053231477737,1.125768542289734,1.061227679252625
23.47996520996094,0.5302959680557251,0.01700999215245247,-0.0005501349805854261,0.0001512895687483251,0.02088248915970325,0.005117136519402266,1.725455695122946e-05,-0.002221514936536551,0.03462067246437073,0.06794843822717667,1.086371183395386,1.06059193611145
23.50161743164062,0.529935359954834,0.01398545317351818,-0.001210720045492053,0.0001681614085100591,0.02521447837352753,0.008025283925235271,6.083460903028026e-06,-0.0027368632145226,0.03143114596605301,0.06788164377212524,1.133331894874573,1.059870719909668
23.50543594360352,0.5289220809936523,0.01373649761080742,-0.00140111637301743,0.0001812386908568442,0.02580572478473186,0.008556690067052841,1.558141775603872e-06,-0.002837557578459382,0.03043716214597225,0.0678730309009552,1.141205906867981,1.057844161987305
23.47711181640625,0.5285893678665161,0.01788458414375782,-0.0005851302994415164,0.0001442802313249558,0.02008251659572124,0.004783215932548046,1.575898932060227e-05,-0.0021762705873698,0.03444407507777214,0.06795825064182281,1.080714702606201,1.057178735733032
23.50929260253906,0.5277902483940125,0.01352908834815025,-0.001599873881787062,0.0001926185941556469,0.02636780776083469,0.009087136015295982,-3.475614676062833e-06,-0.002928002737462521,0.02938617393374443,0.06786470115184784,1.149400234222412,1.055580496788025
23.75260925292969,0.5269386172294617,0.006947797723114491,-0.001111830468289554,0.0001526404666947201,0.009071496315300465,0.004071552306413651,3.167722388752736e-05,0.001860583084635437,0.005306704435497522,0.06807468831539154,2.586373090744019,1.053877234458923
23.75141525268555,0.5268925428390503,0.007084613665938377,-0.00124311400577426,0.0001563405094202608,0.009464645758271217,0.004240262322127819,2.984126513183583e-05,0.001887041144073009,0.005344059318304062,0.06806956976652145,2.56689453125,1.053785085678101
23.51220703125,0.5268880128860474,0.01339344959706068,-0.001752592390403152,0.000200381560716778,0.02677406743168831,0.009483237750828266,-7.138248292903882e-06,-0.002991266548633575,0.02857427299022675,0.06785666197538376,1.157924890518188,1.053776025772095
23.75372695922852,0.5268552303314209,0.006822989787906408,-0.0009834961965680122,0.0001537645293865353,0.008694868534803391,0.003910891246050596,3.136491432087496e-05,0.001845069229602814,0.005264949053525925,0.06807968020439148,2.605386734008789,1.053710460662842
23.75030326843262,0.5267519354820251,0.007213297300040722,-0.00136020069476217,0.0001640636182855815,0.009817622601985931,0.004395189229398966,2.653201954672113e-05,0.001900009694509208,0.00537280086427927,0.06806433200836182,2.546956539154053,1.05350387096405
23.75477027893066,0.5266544222831726,0.006706098094582558,-0.0008601055596955121,0.0001582702971063554,0.008331617340445518,0.00375738856382668,2.819572000589687e-05,0.001843413105234504,0.005219721235334873,0.06808454543352127,2.623930692672729,1.053308844566345
23.74911689758301,0.5265059471130371,0.00734972208738327,-0.001480640145018697,0.0001739267900120467,0.01018456742167473,0.00455892737954855,2.170227708120365e-05,0.001890087034553289,0.005399999208748341,0.06805897504091263,2.526566505432129,1.053011894226074
23.75562858581543,0.5263941884040833,0.006609057076275349,-0.0007577629294246435,0.0001640698465052992,0.008018253371119499,0.003628309583291411,2.349585702177137e-05,0.001845134771429002,0.005180392414331436,0.06808929145336151,2.642002105712891,1.052788376808167
23.47424697875977,0.5263322591781616,0.0189041905105114,-0.000648278568405658,0.0001373386039631441,0.01921932026743889,0.004460766911506653,1.35956233862089e-05,-0.002125053200870752,0.03414108231663704,0.06796787679195404,1.075294256210327,1.052664518356323
23.74768257141113,0.5261165499687195,0.0075163459405303,-0.001620336668565869,0.000182208270416595,0.01062300987541676,0.004753966815769672,1.589404746482614e-05,0.001863276120275259,0.005436518229544163,0.06805349886417389,2.505733251571655,1.052233099937439
23.75642967224121,0.5260313153266907,0.006519767455756664,-0.0006616158061660826,0.0001713347446639091,0.007712540216743946,0.003504761029034853,1.839461765484884e-05,0.00185122899711132,0.005147743970155716,0.0680939182639122,2.659598827362061,1.052062630653381
23.51515960693359,0.5259295701980591,0.01328139193356037,-0.001908493111841381,0.0002076677919831127,0.02716058865189552,0.009875260293483734,-1.077105935110012e-05,-0.003049328224733472,0.02774318493902683,0.06784889847040176,1.166789650917053,1.051859140396118
23.74635696411133,0.5256761908531189,0.007677903398871422,-0.001744246343150735,0.0001857699680840597,0.01102417893707752,0.004931136500090361,1.101183261198457e-05,0.001823655562475324,0.005475064739584923,0.0680479034781456,2.484466075897217,1.051352381706238
23.75729751586914,0.5255203247070312,0.006427154410630465,-0.0005566368345171213,0.0001807802473194897,0.007374743930995464,0.003368461970239878,1.365858952340204e-05,0.001870194682851434,0.005120327230542898,0.06809842586517334,2.676720142364502,1.051040649414062
23.74521255493164,0.5250524282455444,0.00786320399492979,-0.001870758016593754,0.0001882544020190835,0.01151016261428595,0.005110645666718483,6.696930540783796e-06,0.001769826980307698,0.005521026439964771,0.06804218888282776,2.462776660919189,1.050104856491089
23.75811195373535,0.5249036550521851,0.006345657631754875,-0.0004566701245494187,0.0001887158723548055,0.007045916747301817,0.003237196942791343,1.008177332550986e-05,0.001899058348499238,0.00510444724932313,0.06810280680656433,2.693366289138794,1.04980731010437
23.51913452148438,0.5246102809906006,0.01315136626362801,-0.002118078991770744,0.0002162591554224491,0.02765725739300251,0.01039244700223207,-1.623955358809326e-05,-0.003112818812951446,0.02662620879709721,0.06784144043922424,1.176004528999329,1.049220561981201
23.74399948120117,0.52437424659729,0.008063208311796188,-0.002000168431550264,0.0001924854295793921,0.01200111489742994,0.005294482689350843,2.176343059545616e-06,0.001726009882986546,0.005576428025960922,0.06803636252880096,2.440677881240845,1.04874849319458
23.75887870788574,0.5241752862930298,0.006272808648645878,-0.0003615506575442851,0.0001912883890327066,0.006725526414811611,0.003110496560111642,7.223250577226281e-06,0.001928417710587382,0.005097062326967716,0.06810706853866577,2.709538221359253,1.04835057258606
23.74242210388184,0.5237060785293579,0.00827309675514698,-0.002135421615093946,0.0001967486314242706,0.01244164071977139,0.005488722119480371,-2.493539568604319e-06,0.001722994726151228,0.005652081221342087,0.06803042441606522,2.418183565139771,1.047412157058716
23.75959968566895,0.5233330726623535,0.006207383703440428,-0.0002720908087212592,0.0001881222997326404,0.006412207148969173,0.002988091204315424,5.392223101807758e-06,0.00194852496497333,0.005094236694276333,0.06811121106147766,2.725238561630249,1.046666145324707
23.52316856384277,0.5232558846473694,0.01304096169769764,-0.002329242648556828,0.0002227163058705628,0.02812854386866093,0.01090077497065067,-2.247863812954165e-05,-0.003155670827254653,0.02550645545125008,0.06783431023359299,1.185579299926758,1.046511769294739
23.74077224731445,0.5229811668395996,0.008485247381031513,-0.002275234088301659,0.0001993052283069119,0.0129045657813549,0.005686813034117222,-5.910946583753685e-06,0.001750035211443901,0.005745519418269396,0.06802437454462051,2.395309925079346,1.045962333679199
23.47136306762695,0.5226212739944458,0.02031269855797291,-0.0007726395851932466,0.0001361096801701933,0.01820238679647446,0.00416458398103714,1.108269407268381e-05,-0.00205882010050118,0.03355912864208221,0.06797722727060318,1.070101261138916,1.045242547988892
23.73927879333496,0.5223128795623779,0.008667176589369774,-0.002398528624325991,0.0001991531462408602,0.01331187225878239,0.005859356373548508,-6.125162144599017e-06,0.001805875916033983,0.005843712948262691,0.06801822036504745,2.372073650360107,1.044625759124756
23.76036071777344,0.5222509503364563,0.006145683117210865,-0.000179210357600823,0.0001810442045098171,0.00606947299093008,0.002855299971997738,4.467222879611654e-06,0.001959276385605335,0.005095457658171654,0.068115234375,2.740470409393311,1.044501900672913
23.52667808532715,0.522082507610321,0.01295364275574684,-0.002512602834030986,0.0002270905824843794,0.02854133583605289,0.01133808679878712,-2.763327938737348e-05,-0.003181675681844354,0.02453533373773098,0.06782753765583038,1.195523738861084,1.044165015220642
23.7374324798584,0.5214900970458984,0.008879265747964382,-0.00254586199298501,0.0001908754784381017,0.01380211301147938,0.006064539775252342,-3.146231620121398e-06,0.00189265504013747,0.00597782526165247,0.06801196932792664,2.348493099212646,1.042980194091797
23.52928161621094,0.5211494565010071,0.01287826336920261,-0.002702583093196154,0.0002315038873348385,0.02966369688510895,0.01180129125714302,-3.203720552846789e-05,-0.003210817696526647,0.02358757704496384,0.06782115250825882,1.205847501754761,1.042298913002014
23.76107788085938,0.5210509300231934,0.006095007993280888,-9.282380051445216e-05,0.0001737210695864633,0.005733544938266277,0.002726557664573193,3.704027676576516e-06,0.001972049474716187,0.005100038833916187,0.06811914592981339,2.755237817764282,1.042101860046387
23.73549270629883,0.5206128358840942,0.009089840576052666,-0.002697863383218646,0.0001718176063150167,0.01431860029697418,0.006273493636399508,1.83388476671098e-06,0.001974438317120075,0.00613075029104948,0.06800560653209686,2.324588298797607,1.041225671768188
23.53208160400391,0.5201489925384521,0.01281564682722092,-0.002898029517382383,0.0002340424689464271,0.03071595542132854,0.01225229725241661,-3.66689964721445e-05,-0.003229913767427206,0.02264265529811382,0.06781520694494247,1.216559886932373,1.040297985076904
23.76167297363281,0.5198569893836975,0.006059226114302874,-2.158573988708667e-05,0.0001681983703747392,0.005440681707113981,0.002616432728245854,2.802754352160264e-06,0.001996639650315046,0.005106244701892138,0.06812293827533722,2.769545555114746,1.039713978767395
23.73373031616211,0.5198014974594116,0.009265419095754623,-0.00283292424865067,0.0001446837559342384,0.01476898603141308,0.006456464063376188,8.008578333829064e-06,0.002041752450168133,0.006282157730311155,0.06799916177988052,2.300380229949951,1.039602994918823
23.73187637329102,0.5189149379730225,0.009440840221941471,-0.002971527399495244,0.0001129782394855283,0.01523167360574007,0.006642827298492193,1.669770244916435e-05,0.0020988411270082,0.006441121455281973,0.06799262762069702,2.275891304016113,1.037829875946045
23.53595352172852,0.5188729763031006,0.0127689503133297,-0.003087597899138927,0.0002313194563612342,0.0309908390045166,0.01264952681958675,-4.185038415016606e-05,-0.00322092161513865,0.02170843631029129,0.06780972331762314,1.227670311927795,1.037745952606201
23.76223754882812,0.5185404419898987,0.006031661294400692,4.549240475171246e-05,0.0001639666734263301,0.005155093036592007,0.002510328544303775,2.026532911258982e-06,0.002039470477029681,0.00511301402002573,0.0681266188621521,2.783398866653442,1.037080883979797
23.72992706298828,0.5179437398910522,0.009627284482121468,-0.003112813457846642,8.277455344796181e-05,0.01570442505180836,0.00682976096868515,2.703318750718608e-05,0.002112334361299872,0.006594923324882984,0.06798601150512695,2.251144886016846,1.035887479782104
23.54037666320801,0.5174422264099121,0.01273009181022644,-0.003298948286101222,0.0002241126203443855,0.0312972329556942,0.01308618672192097,-4.858484680880792e-05,-0.003184717847034335,0.02068099193274975,0.0678047239780426,1.239187717437744,1.034884452819824
23.76276779174805,0.5171037912368774,0.006012215279042721,0.0001081579757737927,0.0001615705259609967,0.004876211751252413,0.002407899824902415,1.746019279380562e-06,0.002102550119161606,0.00512029929086566,0.06813018769025803,2.796804428100586,1.034207582473755
23.4680061340332,0.517087996006012,0.02225714549422264,-0.0009509801748208702,0.0001373205886920914,0.01689238846302032,0.003823497798293829,7.550844202341978e-06,-0.00196706922724843,0.03264441713690758,0.06798621267080307,1.06512725353241,1.034175992012024
23.72788047790527,0.5168962478637695,0.009832460433244705,-0.003258347511291504,5.761826105299406e-05,0.01618706062436104,0.007014512084424496,3.686506533995271e-05,0.00206987583078444,0.006748279556632042,0.06797931343317032,2.226165771484375,1.033792495727539
23.54487037658691,0.5160157680511475,0.01270543318241835,-0.00350663741119206,0.0002146116748917848,0.03156967461109161,0.01349884085357189,-5.678854358848184e-05,-0.003102839691564441,0.01970087364315987,0.06780023127794266,1.251120805740356,1.032031536102295
23.7257251739502,0.5157561898231506,0.01005261763930321,-0.003408327931538224,3.538730743457563e-05,0.01667892374098301,0.007198629900813103,4.263523442205042e-05,0.001989150419831276,0.006911515723913908,0.06797254830598831,2.200979471206665,1.031512379646301
23.76327133178711,0.515558660030365,0.005998179316520691,0.0001657346729189157,0.0001607706653885543,0.004603217355906963,0.002308688592165709,2.020737838392961e-06,0.002180136973038316,0.005129702389240265,0.068133644759655,2.809769153594971,1.03111732006073
23.54880905151367,0.5147889852523804,0.01269191037863493,-0.003684137715026736,0.0002047183952527121,0.03179968148469925,0.01383990980684757,-6.534667772939429e-05,-0.002987272804602981,0.01888442039489746,0.06779623776674271,1.26347804069519,1.029577970504761
23.72343444824219,0.5145592093467712,0.01028330158442259,-0.003562087193131447,7.292643203982152e-06,0.01718579418957233,0.007388588506728411,4.230214835843071e-05,0.001876480178907514,0.007088545709848404,0.06796572357416153,2.175612449645996,1.029118418693542
23.76374816894531,0.5139121413230896,0.005987323820590973,0.0002179431030526757,0.0001607360318303108,0.004335644654929638,0.002212167251855135,2.443699258947163e-06,0.002263396512717009,0.005142617039382458,0.06813699007034302,2.822299957275391,1.027824282646179
23.55282020568848,0.5135803818702698,0.01268854737281799,-0.003856658935546875,0.0001907119585666806,0.03199835121631622,0.01415332872420549,-7.506566180381924e-05,-0.002822544425725937,0.01811985857784748,0.06779276579618454,1.276267170906067,1.02716076374054
23.72098541259766,0.5133118629455566,0.01051299180835485,-0.003716964507475495,-2.943567415059078e-05,0.01771164499223232,0.007594612427055836,3.898580325767398e-05,0.001749505521729589,0.007284500170499086,0.06795883923768997,2.150091886520386,1.026623725891113
23.55699348449707,0.5123498439788818,0.01269341073930264,-0.004026573617011309,0.000173859836650081,0.03213426470756531,0.01444091182202101,-8.454577618977055e-05,-0.002634210977703333,0.01739406958222389,0.06778980046510696,1.289495825767517,1.024699687957764
23.71882247924805,0.5122682452201843,0.01069891545921564,-0.003845535451546311,-5.990856516291387e-05,0.01815761812031269,0.007781734690070152,3.658621426438913e-05,0.001643542433157563,0.007458239793777466,0.06795191019773483,2.124445915222168,1.024536490440369
23.76425170898438,0.5119249820709229,0.005978337489068508,0.0002701920457184315,0.0001616193621885031,0.004040010739117861,0.002106189727783203,2.672884193088976e-06,0.002352094510570168,0.005161179229617119,0.06814023107290268,2.834404706954956,1.023849964141846
23.56124496459961,0.5111402869224548,0.01270470675081015,-0.004189727362245321,0.0001532616588519886,0.0322360135614872,0.01469446253031492,-9.261821833206341e-05,-0.002423482481390238,0.01672513037919998,0.06778734922409058,1.303170919418335,1.02228057384491
23.71598243713379,0.5110152959823608,0.01091934554278851,-0.004003413021564484,-8.326252282131463e-05,0.01873081550002098,0.008035618811845779,3.724090856849216e-05,0.001554497750476003,0.00765969417989254,0.06794494390487671,2.098702907562256,1.022030591964722
23.46513557434082,0.509947657585144,0.02458099648356438,-0.001168134273029864,0.0001418478495907038,0.01558814942836761,0.003574636066332459,4.581235316436505e-06,-0.001874267589300871,0.03159100189805031,0.06799478828907013,1.060364007949829,1.019895315170288
23.56612396240234,0.5098114013671875,0.0127214677631855,-0.004367486108094454,0.0001248210319317877,0.03233978524804115,0.01494847517460585,-9.939831215888262e-05,-0.002159419003874063,0.016025111079216,0.06778541207313538,1.317298889160156,1.019622802734375
23.76473236083984,0.509810745716095,0.005971274338662624,0.0003172000870108604,0.0001633951615076512,0.003751140553504229,0.002001931890845299,2.717765028137364e-06,0.002437404822558165,0.005182773806154728,0.06814336776733398,2.846091747283936,1.01962149143219
23.71299362182617,0.5097865462303162,0.01113029848784208,-0.004162711557000875,-9.804422734305263e-05,0.01931929215788841,0.008306787349283695,3.77921896870248e-05,0.001479824422858655,0.007853977382183075,0.0679379478096962,2.072891712188721,1.019573092460632
23.71082878112793,0.509019136428833,0.01125427894294262,-0.004269862081855536,-0.0001017066751956008,0.01973281800746918,0.008505179546773434,3.581182318157516e-05,0.001415730221197009,0.007982729002833366,0.06793093681335449,2.047041893005371,1.018038272857666
23.57109642028809,0.5085155963897705,0.01273877453058958,-0.004535858519375324,9.243493695976213e-05,0.03240232914686203,0.01515655405819416,-0.0001039083799696527,-0.001878188457340002,0.01540522277355194,0.06778398156166077,1.331885457038879,1.017031192779541
23.70792388916016,0.5080385208129883,0.0114035252481699,-0.004403422586619854,-0.0001072651721187867,0.02028375864028931,0.008771191351115704,3.296729846624658e-05,0.00134014745708555,0.008159098215401173,0.06792391836643219,2.021183013916016,1.016077041625977
23.76513862609863,0.50780189037323,0.005966150667518377,0.0003540031611919403,0.0001650462800171226,0.003502198494970798,0.001910579856485128,2.432437668176135e-06,0.002514931373298168,0.005204948596656322,0.06814640015363693,2.857369422912598,1.01560378074646
23.57546997070312,0.5074193477630615,0.0127488411962986,-0.004675127565860748,6.391460192389786e-05,0.03244469314813614,0.01530417893081903,-0.0001065452524926513,-0.001636308850720525,0.01492501702159643,0.06778305768966675,1.346935749053955,1.014838695526123
23.70430946350098,0.5068882703781128,0.01158749125897884,-0.004558275919407606,-0.0001223140861839056,0.02092963829636574,0.009101033210754395,3.310274405521341e-05,0.001309062587097287,0.00839097797870636,0.06791689991950989,1.995344161987305,1.013776540756226
23.57931900024414,0.5065033435821533,0.01275259349495173,-0.004787611309438944,4.140263627050444e-05,0.03243504464626312,0.01539741270244122,-0.0001073968669516034,-0.001434691483154893,0.0145649965852499,0.06778262555599213,1.362453937530518,1.013006687164307
23.70124435424805,0.5059773921966553,0.01174186170101166,-0.004681764170527458,-0.0001445794478058815,0.02144544944167137,0.009378373622894287,3.667382407002151e-05,0.001350655453279614,0.008595331571996212,0.06790989637374878,1.969555020332336,1.011954784393311
23.76552581787109,0.5056762099266052,0.005962708499282598,0.0003865552425850183,0.0001654060033615679,0.003258018987253308,0.001820174627937376,1.770130779732426e-06,0.002593043725937605,0.005228948779404163,0.06814932823181152,2.868247270584106,1.01135241985321
23.58392715454102,0.5054574012756348,0.01275427639484406,-0.004910777322947979,1.667825017648283e-05,0.03236999735236168,0.01546650193631649,-0.0001069473364623263,-0.001200629631057382,0.01419799216091633,0.0677826926112175,1.378443598747253,1.01091480255127
23.69812774658203,0.5050999522209167,0.01188672799617052,-0.004800274036824703,-0.0001724049216136336,0.02197772450745106,0.009655468165874481,4.02167861466296e-05,0.001475951168686152,0.008807841688394547,0.06790291517972946,1.943844676017761,1.010199904441833
23.58920669555664,0.5043144822120667,0.01275574136525393,-0.005042117089033127,-9.060931915882975e-06,0.03227977082133293,0.01550594251602888,-0.0001054749736795202,-0.0009424190502613783,0.01382870599627495,0.06778322905302048,1.394907236099243,1.008628964424133
23.69434928894043,0.504081130027771,0.01204227190464735,-0.004937686491757631,-0.0001977499923668802,0.02258455753326416,0.009986083954572678,4.28093881055247e-05,0.001643935567699373,0.009061768651008606,0.06789597868919373,1.91824197769165,1.008162260055542
23.6911735534668,0.5032803416252136,0.01215487997978926,-0.005047547165304422,-0.0002068997273454443,0.02306299656629562,0.01026080269366503,4.456847091205418e-05,0.001764953369274735,0.009265657514333725,0.06788910180330276,1.892775177955627,1.006560683250427
23.59454917907715,0.503240704536438,0.01275957096368074,-0.005165139213204384,-2.51659093919443e-05,0.03214222937822342,0.0155016090720892,-0.0001034428569255397,-0.0006878413259983063,0.01350863557308912,0.06778423488140106,1.411846399307251,1.006481409072876
23.76594543457031,0.5031396150588989,0.005963762756437063,0.0004184378776699305,0.0001638490939512849,0.002990945009514689,0.001719309133477509,9.776965725905029e-07,0.002683879341930151,0.005256385076791048,0.06815215945243835,2.87873387336731,1.006279230117798
23.68730163574219,0.5024422407150269,0.01227616891264915,-0.005166504997760057,-0.0002057339006569237,0.02363989502191544,0.01059012860059738,4.642763815354556e-05,0.001890270854346454,0.009490635246038437,0.06788228452205658,1.867472052574158,1.004884481430054
23.59922218322754,0.5023795366287231,0.01276152487844229,-0.00526789203286171,-2.888471135520376e-05,0.03200497105717659,0.01546847634017467,-0.0001006834063446149,-0.0004533516184892505,0.01326262578368187,0.06778568774461746,1.429261803627014,1.004759073257446
23.60329246520996,0.5016859769821167,0.01276436354964972,-0.005351378582417965,-2.69122829195112e-05,0.03183592855930328,0.01541145425289869,-9.770971519174054e-05,-0.0002502638089936227,0.01308114267885685,0.06778758019208908,1.447152972221375,1.003371953964233
23.68340492248535,0.5016725659370422,0.01239168364554644,-0.005276513285934925,-0.0002036860096268356,0.02420925535261631,0.01091751828789711,4.895079473499209e-05,0.00200939062051475,0.009703558869659901,0.06787554919719696,1.842359781265259,1.003345131874084
23.68011665344238,0.5011139512062073,0.01246795710176229,-0.005353760905563831,-0.0002017549268202856,0.02469148859381676,0.01118713896721601,5.265209620120004e-05,0.0021067566704005,0.009864363819360733,0.0678689181804657,1.817464232444763,1.002227902412415
23.60811614990234,0.5009331107139587,0.01277558691799641,-0.00544201023876667,-2.32565616897773e-05,0.03157932311296463,0.01531144231557846,-9.293716721003875e-05,-2.791067163343541e-05,0.01289614662528038,0.06778988987207413,1.465518236160278,1.001866221427917
23.6761531829834,0.5005151629447937,0.01253470405936241,-0.005432907491922379,-0.0002022172848228365,0.02524337731301785,0.01150853093713522,5.73730758333113e-05,0.002212310908362269,0.01005034055560827,0.06786239147186279,1.792810797691345,1.001030325889587
23.76634979248047,0.5004682540893555,0.005970424506813288,0.0004465182428248227,0.0001614914799574763,0.002730106934905052,0.00161925726570189,3.66751010005828e-07,0.002775357104837894,0.005283565260469913,0.06815489381551743,2.888838529586792,1.000936508178711
23.46230506896973,0.5003018379211426,0.02755600027740002,-0.001428281073458493,0.0001476410980103537,0.01408566627651453,0.003348426893353462,1.758354301273357e-06,-0.001773029332980514,0.03027472086250782,0.06800295412540436,1.055803656578064,1.000603675842285
23.61361312866211,0.5001745820045471,0.01279064267873764,-0.005537270102649927,-2.103202132275328e-05,0.03126828372478485,0.01516509987413883,-8.351691940333694e-05,0.0002360467333346605,0.01270496845245361,0.06779259443283081,1.484354853630066,1.000349164009094
23.67215156555176,0.4999864101409912,0.01258094795048237,-0.005502240732312202,-0.0002054999204119667,0.02577999047935009,0.01182420831173658,6.032673263689503e-05,0.002296627499163151,0.01023975480347872,0.06785599887371063,1.768423676490784,0.9999728202819824
23.61841201782227,0.4996109306812286,0.01279818639159203,-0.005611656233668327,-2.576735641923733e-05,0.03098380379378796,0.01500975154340267,-7.008953980403021e-05,0.0004848100943490863,0.01255047135055065,0.06779569387435913,1.503658533096313,0.9992218613624573
23.66813087463379,0.499522864818573,0.0126205813139677,-0.005565723869949579,-0.0002077076205750927,0.02629376947879791,0.01212856732308865,6.051820673746988e-05,0.00234762323088944,0.01044069603085518,0.06784975528717041,1.744325995445251,0.999045729637146
23.62256622314453,0.4992126226425171,0.01279336307197809,-0.005664576310664415,-3.935554923373275e-05,0.03069950640201569,0.01485308818519115,-5.247132503427565e-05,0.000719108444172889,0.01242050249129534,0.0677991509437561,1.52342426776886,0.9984252452850342
23.66409301757812,0.4991310834884644,0.0126604912802577,-0.005621401127427816,-0.000208216515602544,0.0267893448472023,0.01242013089358807,6.124826904851943e-05,0.002346533816307783,0.01065301522612572,0.06784366816282272,1.720539569854736,0.9982621669769287
23.62746620178223,0.4988275170326233,0.01277790497988462,-0.005711475852876902,-6.343812128761783e-05,0.03032244183123112,0.01464106328785419,-2.789058635244146e-05,0.001037051784805954,0.01226402539759874,0.06780296564102173,1.543645143508911,0.9976550340652466
23.66003799438477,0.4988105595111847,0.0126970149576664,-0.005665800534188747,-0.0002044073917204514,0.02726858295500278,0.01270278356969357,6.380301783792675e-05,0.002316503087058663,0.01087053399533033,0.06783775985240936,1.697085022926331,0.9976211190223694
23.65528106689453,0.4985303580760956,0.01272429525852203,-0.005703524686396122,-0.0001952448510564864,0.02778634428977966,0.01302384585142136,6.601196946576238e-05,0.002281578257679939,0.01111988443881273,0.06783204525709152,1.673981785774231,0.9970607161521912
23.6330509185791,0.4985066652297974,0.01275834813714027,-0.005746998358517885,-9.801691339816898e-05,0.0298866331577301,0.01436596363782883,2.185565335821593e-06,0.001405304297804832,0.01207513362169266,0.06780710071325302,1.564313292503357,0.9970133304595947
23.63725090026855,0.4983455836772919,0.0127465482801199,-0.005760935600847006,-0.0001289493520744145,0.02954171039164066,0.01413956098258495,2.556095932959579e-05,0.001659061992540956,0.01192358136177063,0.06781154870986938,1.585419178009033,0.9966911673545837
23.65116310119629,0.4983412325382233,0.01273761596530676,-0.005730303004384041,-0.0001882812066469342,0.0282285064458847,0.01329404022544622,6.555129220942035e-05,0.002228234894573689,0.01132552791386843,0.06782655417919159,1.65124773979187,0.9966824650764465
23.64144325256348,0.4982714653015137,0.01274377107620239,-0.005759807303547859,-0.0001580908137839288,0.02916918694972992,0.01389454025775194,4.387674562167376e-05,0.001883712247945368,0.01175569836050272,0.06781627982854843,1.60695207118988,0.9965429306030273
23.64700889587402,0.4982627630233765,0.01274166256189346,-0.005747389048337936,-0.0001813199778553098,0.02864360064268112,0.01355580799281597,5.945646626059897e-05,0.002112741349264979,0.01151575427502394,0.06782128661870956,1.628899455070496,0.9965255260467529
23.76669311523438,0.4979383945465088,0.005981826689094305,0.0004682051949203014,0.0001590821921126917,0.002503797644749284,0.001531233312562108,-1.577899055860144e-08,0.002850690623745322,0.005307303741574287,0.06815752387046814,2.898571252822876,0.9958767890930176
23.76702499389648,0.4952477216720581,0.005999127402901649,0.000487540615722537,0.0001565401034895331,0.002283386420458555,0.001443806104362011,-4.201292540528812e-07,0.002913683885708451,0.005330012645572424,0.06816006451845169,2.907941341400146,0.9904954433441162
23.7673454284668,0.4923815429210663,0.006023678928613663,0.0005047203740105033,0.0001544283441035077,0.002068499336019158,0.001356823253445327,-9.628216730561689e-07,0.002961890306323767,0.005350909195840359,0.06816251575946808,2.916958570480347,0.9847630858421326
23.76769256591797,0.4889055788516998,0.006063108332455158,0.0005215198034420609,0.0001531767775304615,0.001833181595429778,0.0012595095904544,-1.66838606219244e-06,0.003004410769790411,0.005369984544813633,0.06816487014293671,2.925632953643799,0.9778111577033997
23.45955657958984,0.4875300526618958,0.03125881031155586,-0.001712948433123529,0.0001510677102487534,0.01245226431638002,0.0031489715911448,-4.197823386675736e-07,-0.001658539287745953,0.02875936962664127,0.06801071017980576,1.051438450813293,0.9750601053237915
23.76802825927734,0.4851698875427246,0.006117168348282576,0.0005362695083022118,0.0001532564492663369,0.001605669967830181,0.001162520842626691,-2.353044919800595e-06,0.003042709780856967,0.005383208859711885,0.06816712766885757,2.933974504470825,0.9703397750854492
23.76832008361816,0.4815344214439392,0.00618285546079278,0.0005475507350638509,0.0001541299425298348,0.001411979319527745,0.001076456159353256,-2.802943299684557e-06,0.003074684645980597,0.005387397017329931,0.06816930323839188,2.941992521286011,0.9630688428878784
23.76860427856445,0.4775384068489075,0.006265216507017612,0.0005575756076723337,0.000154502282384783,0.001223555766046047,0.0009904706384986639,-2.92727304440632e-06,0.003101901151239872,0.005382461939007044,0.06817139685153961,2.949697017669678,0.9550768136978149
23.45734405517578,0.4740512371063232,0.03497618064284325,-0.001968733500689268,0.0001499169156886637,0.01100687123835087,0.003018679097294807,-1.43080512771121e-06,-0.00155387946870178,0.02739490568637848,0.0680181011557579,1.047260761260986,0.9481024742126465
23.76891326904297,0.4724356532096863,0.006384086795151234,0.0005680476315319538,0.0001531577581772581,0.001020367024466395,0.0008936225203797221,-2.696923502298887e-06,0.00312281958758831,0.00536130229011178,0.06817339360713959,2.957098007202148,0.9448713064193726
23.76921844482422,0.466644674539566,0.006532642059028149,0.0005783405504189432,0.000149670522660017,0.0008267494849860668,0.0007966202101670206,-2.283215962961549e-06,0.003130575176328421,0.005322230979800224,0.0681753009557724,2.964204788208008,0.9332893490791321
23.76948356628418,0.4606155455112457,0.006702311336994171,0.0005875185015611351,0.0001442249631509185,0.0006654216558672488,0.0007103162351995707,-1.742216340971936e-06,0.003113194368779659,0.005263910628855228,0.06817711889743805,2.971027135848999,0.9212310910224915
23.76974296569824,0.4535305500030518,0.006915134377777576,0.0005964679876342416,0.0001368056691717356,0.0005153053789399564,0.0006241315277293324,-1.009137918117631e-06,0.003065292723476887,0.005177083425223827,0.06817883998155594,2.977574110031128,0.9070611000061035
23.45491790771484,0.4528194069862366,0.04021067172288895,-0.002253294922411442,0.0001351665996480733,0.009091071784496307,0.002860700245946646,-2.607616352179321e-06,-0.001407848205417395,0.02553652040660381,0.06802523881196976,1.04326331615448,0.9056388139724731
23.77002716064453,0.4437474012374878,0.007218641228973866,0.0006048714276403189,0.0001271326473215595,0.0003603326913435012,0.0005279447650536895,-7.407631130718073e-08,0.002970621921122074,0.005031970329582691,0.06818045675754547,2.983855247497559,0.8874948024749756
23.77030181884766,0.431722104549408,0.007586062885820866,0.0006096213473938406,0.000117308140033856,0.0002201635797973722,0.0004331831878516823,8.359255048162595e-07,0.002840670756995678,0.00483239907771349,0.06818196177482605,2.989879846572876,0.8634442090988159
23.45265579223633,0.4281595349311829,0.04577623307704926,-0.002519299043342471,0.0001146554859587923,0.007121157832443714,0.002711896318942308,-3.249164365115575e-06,-0.001253463444299996,0.02360497042536736,0.06803226470947266,1.039439082145691,0.8563190698623657
23.77053451538086,0.4178791344165802,0.007974915206432343,0.0006063175387680531,0.000107965141069144,0.0001135897182393819,0.0003515288117341697,1.526628238934791e-06,0.002692115493118763,0.004586121533066034,0.06818333268165588,2.995656490325928,0.8357582688331604
23.4510498046875,0.4016844630241394,0.05059272050857544,-0.002694407245144248,9.398737893206999e-05,0.005300626158714294,0.002586431568488479,-3.072145091209677e-06,-0.001111543504521251,0.02186700701713562,0.06803935021162033,1.035780906677246,0.8033689260482788
23.770751953125,0.3999992907047272,0.008392002433538437,0.0005900624673813581,9.642756049288437e-05,2.539213346608449e-05,0.0002737495815381408,1.983093625312904e-06,0.002514575142413378,0.004263988230377436,0.06818453967571259,3.001194000244141,0.7999985814094543
23.77095413208008,0.3764581680297852,0.008760027587413788,0.0005526286549866199,8.193681424017996e-05,-4.042280488647521e-05,0.000201619797735475,2.103955239363131e-06,0.00230072345584631,0.003852211404591799,0.06818555295467377,3.006501197814941,0.7529163360595703
23.44945526123047,0.3653756380081177,0.05540820211172104,-0.002847549505531788,7.428249955410138e-05,0.003400503657758236,0.002435819245874882,-2.42635633185273e-06,-0.0009376060916110873,0.01987344399094582,0.0680466890335083,1.032282471656799,0.7307512760162354
23.7711296081543,0.3451641499996185,0.008897928521037102,0.0004845924850087613,6.469424261013046e-05,-8.049821917666122e-05,0.0001372951956000179,1.862532940322126e-06,0.002039410872384906,0.003339533694088459,0.06818629801273346,3.01158618927002,0.6903282999992371
23.44843101501465,0.3314033448696136,0.05806557089090347,-0.002915496937930584,6.486743222922087e-05,0.002113376511260867,0.002302552573382854,-1.880845843515999e-06,-0.0007904543890617788,0.01832216419279575,0.06805448979139328,1.028936982154846,0.6628066897392273
23.77128028869629,0.3037062883377075,0.00846998393535614,0.0003800480044446886,4.51181476819329e-05,-9.39288511290215e-05,8.321835775859654e-05,1.323066044278676e-06,0.001722577260807157,0.002721472643315792,0.06818670034408569,3.016457080841064,0.607412576675415
23.44784927368164,0.3008421957492828,0.05881159007549286,-0.002905985107645392,6.184718949953094e-05,0.001111704157665372,0.002171600004658103,-1.758300527399115e-06,-0.0006626654067076743,0.01708929985761642,0.06806297600269318,1.02573823928833,0.6016843914985657
23.44745063781738,0.250929206609726,0.05634179338812828,-0.002745900070294738,6.079287413740531e-05,1.121259992942214e-05,0.001924571231938899,-1.647065005272452e-06,-0.0004786775971297175,0.01540243811905384,0.0680723637342453,1.022680282592773,0.5018584132194519
23.77139472961426,0.2499324381351471,0.007051615510135889,0.0002463104319758713,2.500982554920483e-05,-8.352538134204224e-05,4.193061249679886e-05,6.984975016166572e-07,0.001352300518192351,0.002008505398407578,0.06818661838769913,3.021121978759766,0.4998648762702942
23.44735717773438,0.1993050128221512,0.05138604342937469,-0.002477586967870593,6.104687054175884e-05,-0.0007898866897448897,0.001638763002119958,-1.511352593297488e-06,-0.0003118996392004192,0.01382054761052132,0.06808281689882278,1.019757032394409,0.3986100256443024
23.77146911621094,0.1832117736339569,0.004508577287197113,0.0001145032292697579,9.226427209796384e-06,-5.788189082522877e-05,1.553188849356957e-05,2.381377868232448e-07,0.0009442204609513283,0.001236818847246468,0.06818586587905884,3.025588512420654,0.3664235472679138
23.44757652282715,0.1644353717565536,0.04578466340899467,-0.002187232486903667,6.134552677394822e-05,-0.00101723033003509,0.001407740171998739,-1.34140486807155e-06,-0.0002299177140230313,0.01284180395305157,0.06809442490339279,1.016962766647339,0.3288707435131073
23.44794845581055,0.1304218322038651,0.03909086808562279,-0.00183248589746654,5.946924648014829e-05,-0.001061008661054075,0.001153391669504344,-1.007703758659773e-06,-0.0001711708755465224,0.01185192167758942,0.06810717284679413,1.014291763305664,0.2608436644077301
23.77150726318359,0.1056845784187317,0.001771797426044941,2.985034734592773e-05,1.677187469795172e-06,-2.938811303465627e-05,3.368020998095744e-06,3.68879611301054e-08,0.0005188190843909979,0.0005225075874477625,0.06818419694900513,3.029864072799683,0.2113691568374634
23.44843101501465,0.09818819165229797,0.03181055188179016,-0.001435725833289325,5.369367499952205e-05,-0.000956496805883944,0.0008850489975884557,-5.355792609407217e-07,-0.0001302896271226928,0.01076310873031616,0.06812096387147903,1.011738777160645,0.1963763833045959
23.44896697998047,0.06878184527158737,0.02446393109858036,-0.00102885952219367,4.420322147780098e-05,-0.0007540116785094142,0.0006191185093484819,-6.286967391133658e-08,-0.0001083856259356253,0.009454988874495029,0.06813566386699677,1.009298205375671,0.1375636905431747
23.44948577880859,0.04321769624948502,0.0174985621124506,-0.0006478597060777247,3.273647234891541e-05,-0.00051073357462883,0.0003779022954404354,2.828533638421504e-07,-9.142162889475003e-05,0.00781134283170104,0.06815112382173538,1.006964445114136,0.08643539249897003
23.44991302490234,0.02256696857511997,0.0112979169934988,-0.0003361533163115382,2.129677704942878e-05,-0.0002835527993738651,0.0001867256505647674,3.774935350975284e-07,-7.627119339304045e-05,0.005775212310254574,0.06816735863685608,1.004732370376587,0.04513393715023994
23.4501838684082,0.0065779616124928,0.004655558150261641,-0.000106215949926991,8.654184966871981e-06,-9.209616837324575e-05,5.45227485417854e-05,1.861756118159974e-07,-4.564452319755219e-05,0.002597988117486238,0.06818367540836334,1.002596139907837,0.0131559232249856
